<?xml version="1.0" encoding="UTF-8"?>
<hiblock>
	<hiblock>
		<id>8</id>
		<name>Candidats</name>
		<table_name>b_candidats</table_name>
	</hiblock>
	<langs>
		<lang>
			<id>8</id>
			<lid>ru</lid>
			<name>Список кандидатов</name>
		</lang>
		<lang>
			<id>8</id>
			<lid>en</lid>
			<name>Job seekers</name>
		</lang>
	</langs>
	<fields>
		<field>
			<id>291</id>
			<entity_id>HLBLOCK_8</entity_id>
			<field_name>UF_NAME</field_name>
			<user_type_id>string</user_type_id>
			<xml_id />
			<sort>10</sort>
			<multiple>N</multiple>
			<mandatory>N</mandatory>
			<show_filter>S</show_filter>
			<show_in_list>Y</show_in_list>
			<edit_in_list>Y</edit_in_list>
			<is_searchable>Y</is_searchable>
			<settings>
				<size>20</size>
				<rows>1</rows>
				<regexp />
				<min_length>0</min_length>
				<max_length>0</max_length>
				<default_value />
			</settings>
			<edit_form_label>
				<en>Name</en>
				<ru>Имя</ru>
			</edit_form_label>
			<list_column_label>
				<en>Name</en>
				<ru>Имя</ru>
			</list_column_label>
			<list_filter_label>
				<en>Name</en>
				<ru>Имя</ru>
			</list_filter_label>
			<error_message>
				<en />
				<ru />
			</error_message>
			<help_message>
				<en>Name</en>
				<ru>Имя</ru>
			</help_message>
			<base_type>string</base_type>
		</field>
		<field>
			<id>292</id>
			<entity_id>HLBLOCK_8</entity_id>
			<field_name>UF_LAST_NAME</field_name>
			<user_type_id>string</user_type_id>
			<xml_id />
			<sort>20</sort>
			<multiple>N</multiple>
			<mandatory>N</mandatory>
			<show_filter>S</show_filter>
			<show_in_list>Y</show_in_list>
			<edit_in_list>Y</edit_in_list>
			<is_searchable>Y</is_searchable>
			<settings>
				<size>20</size>
				<rows>1</rows>
				<regexp />
				<min_length>0</min_length>
				<max_length>0</max_length>
				<default_value />
			</settings>
			<edit_form_label>
				<en>Last name</en>
				<ru>Фамилия</ru>
			</edit_form_label>
			<list_column_label>
				<en>Last name</en>
				<ru>Фамилия</ru>
			</list_column_label>
			<list_filter_label>
				<en>Last name</en>
				<ru>Фамилия</ru>
			</list_filter_label>
			<error_message>
				<en />
				<ru />
			</error_message>
			<help_message>
				<en>Last name</en>
				<ru>Фамилия</ru>
			</help_message>
			<base_type>string</base_type>
		</field>
		<field>
			<id>293</id>
			<entity_id>HLBLOCK_8</entity_id>
			<field_name>UF_SECOND_NAME</field_name>
			<user_type_id>string</user_type_id>
			<xml_id />
			<sort>30</sort>
			<multiple>N</multiple>
			<mandatory>N</mandatory>
			<show_filter>S</show_filter>
			<show_in_list>Y</show_in_list>
			<edit_in_list>Y</edit_in_list>
			<is_searchable>Y</is_searchable>
			<settings>
				<size>20</size>
				<rows>1</rows>
				<regexp />
				<min_length>0</min_length>
				<max_length>0</max_length>
				<default_value />
			</settings>
			<edit_form_label>
				<en>Second name</en>
				<ru>Отчество</ru>
			</edit_form_label>
			<list_column_label>
				<en>Second name</en>
				<ru>Отчество</ru>
			</list_column_label>
			<list_filter_label>
				<en>Second name</en>
				<ru>Отчество</ru>
			</list_filter_label>
			<error_message>
				<en />
				<ru />
			</error_message>
			<help_message>
				<en>Second name</en>
				<ru>Отчество</ru>
			</help_message>
			<base_type>string</base_type>
		</field>
		<field>
			<id>294</id>
			<entity_id>HLBLOCK_8</entity_id>
			<field_name>UF_EMAIL</field_name>
			<user_type_id>string</user_type_id>
			<xml_id />
			<sort>40</sort>
			<multiple>N</multiple>
			<mandatory>N</mandatory>
			<show_filter>S</show_filter>
			<show_in_list>Y</show_in_list>
			<edit_in_list>Y</edit_in_list>
			<is_searchable>Y</is_searchable>
			<settings>
				<size>20</size>
				<rows>1</rows>
				<regexp />
				<min_length>0</min_length>
				<max_length>0</max_length>
				<default_value />
			</settings>
			<edit_form_label>
				<en>E-mail</en>
				<ru>Электронная почта</ru>
			</edit_form_label>
			<list_column_label>
				<en>E-mail</en>
				<ru>Электронная почта</ru>
			</list_column_label>
			<list_filter_label>
				<en>E-mail</en>
				<ru>Электронная почта</ru>
			</list_filter_label>
			<error_message>
				<en />
				<ru />
			</error_message>
			<help_message>
				<en>E-mail</en>
				<ru>Электронная почта</ru>
			</help_message>
			<base_type>string</base_type>
		</field>
		<field>
			<id>296</id>
			<entity_id>HLBLOCK_8</entity_id>
			<field_name>UF_PERSONAL_BIRTHDAY</field_name>
			<user_type_id>date</user_type_id>
			<xml_id />
			<sort>60</sort>
			<multiple>N</multiple>
			<mandatory>N</mandatory>
			<show_filter>S</show_filter>
			<show_in_list>Y</show_in_list>
			<edit_in_list>Y</edit_in_list>
			<is_searchable>Y</is_searchable>
			<settings>
				<default_value>
					<type>NONE</type>
					<value />
				</default_value>
			</settings>
			<edit_form_label>
				<en>Personal birthday</en>
				<ru>День рождения</ru>
			</edit_form_label>
			<list_column_label>
				<en>Personal birthday</en>
				<ru>День рождения</ru>
			</list_column_label>
			<list_filter_label>
				<en>Personal birthday</en>
				<ru>День рождения</ru>
			</list_filter_label>
			<error_message>
				<en />
				<ru />
			</error_message>
			<help_message>
				<en>Personal birthday</en>
				<ru>День рождения</ru>
			</help_message>
			<base_type>datetime</base_type>
		</field>
		<field>
			<id>297</id>
			<entity_id>HLBLOCK_8</entity_id>
			<field_name>UF_PERSONAL_MOBILE</field_name>
			<user_type_id>string</user_type_id>
			<xml_id />
			<sort>70</sort>
			<multiple>N</multiple>
			<mandatory>N</mandatory>
			<show_filter>S</show_filter>
			<show_in_list>Y</show_in_list>
			<edit_in_list>Y</edit_in_list>
			<is_searchable>Y</is_searchable>
			<settings>
				<size>20</size>
				<rows>1</rows>
				<regexp />
				<min_length>0</min_length>
				<max_length>0</max_length>
				<default_value />
			</settings>
			<edit_form_label>
				<en>Mobile phone</en>
				<ru>Личный мобильный</ru>
			</edit_form_label>
			<list_column_label>
				<en>Mobile phone</en>
				<ru>Личный мобильный</ru>
			</list_column_label>
			<list_filter_label>
				<en>Mobile phone</en>
				<ru>Личный мобильный</ru>
			</list_filter_label>
			<error_message>
				<en />
				<ru />
			</error_message>
			<help_message>
				<en>Mobile phone</en>
				<ru>Личный мобильный</ru>
			</help_message>
			<base_type>string</base_type>
		</field>
		<field>
			<id>298</id>
			<entity_id>HLBLOCK_8</entity_id>
			<field_name>UF_TIMESTAMP_X</field_name>
			<user_type_id>datetime</user_type_id>
			<xml_id />
			<sort>80</sort>
			<multiple>N</multiple>
			<mandatory>N</mandatory>
			<show_filter>S</show_filter>
			<show_in_list>Y</show_in_list>
			<edit_in_list>Y</edit_in_list>
			<is_searchable>Y</is_searchable>
			<settings>
				<default_value>
					<type>NONE</type>
					<value />
				</default_value>
				<use_second>Y</use_second>
			</settings>
			<edit_form_label>
				<en>Time of change</en>
				<ru>Время изменения</ru>
			</edit_form_label>
			<list_column_label>
				<en>Time of change</en>
				<ru>Время изменения</ru>
			</list_column_label>
			<list_filter_label>
				<en>Time of change</en>
				<ru>Время изменения</ru>
			</list_filter_label>
			<error_message>
				<en />
				<ru />
			</error_message>
			<help_message>
				<en>Time of change</en>
				<ru>Время изменения</ru>
			</help_message>
			<base_type>datetime</base_type>
		</field>
		<field>
			<id>299</id>
			<entity_id>HLBLOCK_8</entity_id>
			<field_name>UF_DATE_REGISTER</field_name>
			<user_type_id>datetime</user_type_id>
			<xml_id />
			<sort>90</sort>
			<multiple>N</multiple>
			<mandatory>N</mandatory>
			<show_filter>S</show_filter>
			<show_in_list>Y</show_in_list>
			<edit_in_list>Y</edit_in_list>
			<is_searchable>Y</is_searchable>
			<settings>
				<default_value>
					<type>NONE</type>
					<value />
				</default_value>
				<use_second>Y</use_second>
			</settings>
			<edit_form_label>
				<en>Time of registration</en>
				<ru>Время регистрации</ru>
			</edit_form_label>
			<list_column_label>
				<en>Time of registration</en>
				<ru>Время регистрации</ru>
			</list_column_label>
			<list_filter_label>
				<en>Time of registration</en>
				<ru>Время регистрации</ru>
			</list_filter_label>
			<error_message>
				<en />
				<ru />
			</error_message>
			<help_message>
				<en>Time of registration</en>
				<ru>Время регистрации</ru>
			</help_message>
			<base_type>datetime</base_type>
		</field>
		<field>
			<id>308</id>
			<entity_id>HLBLOCK_8</entity_id>
			<field_name>UF_HR_RESERV</field_name>
			<user_type_id>boolean</user_type_id>
			<xml_id />
			<sort>100</sort>
			<multiple>N</multiple>
			<mandatory>N</mandatory>
			<show_filter>I</show_filter>
			<show_in_list>Y</show_in_list>
			<edit_in_list>Y</edit_in_list>
			<is_searchable>Y</is_searchable>
			<settings>
				<default_value>0</default_value>
				<display>CHECKBOX</display>
				<label>
					<0 />
					<1 />
				</label>
				<label_checkbox />
			</settings>
			<edit_form_label>
				<en>Reserv</en>
				<ru>Резерв</ru>
			</edit_form_label>
			<list_column_label>
				<en>Reserv</en>
				<ru>Резерв</ru>
			</list_column_label>
			<list_filter_label>
				<en>Reserv</en>
				<ru>Резерв</ru>
			</list_filter_label>
			<error_message>
				<en />
				<ru />
			</error_message>
			<help_message>
				<en>Reserv</en>
				<ru>Резерв</ru>
			</help_message>
			<base_type>int</base_type>
		</field>
		<field>
			<id>309</id>
			<entity_id>HLBLOCK_8</entity_id>
			<field_name>UF_HR_POSITION</field_name>
			<user_type_id>enumeration</user_type_id>
			<xml_id />
			<sort>110</sort>
			<multiple>N</multiple>
			<mandatory>N</mandatory>
			<show_filter>I</show_filter>
			<show_in_list>Y</show_in_list>
			<edit_in_list>Y</edit_in_list>
			<is_searchable>Y</is_searchable>
			<settings>
				<display>LIST</display>
				<list_height>1</list_height>
				<caption_no_value />
			</settings>
			<edit_form_label>
				<en>Position&apos;s group</en>
				<ru>Группа должностей</ru>
			</edit_form_label>
			<list_column_label>
				<en>Position&apos;s group</en>
				<ru>Группа должностей</ru>
			</list_column_label>
			<list_filter_label>
				<en>Position&apos;s group</en>
				<ru>Группа должностей</ru>
			</list_filter_label>
			<error_message>
				<en />
				<ru />
			</error_message>
			<help_message>
				<en>Position&apos;s group</en>
				<ru>Группа должностей</ru>
			</help_message>
			<base_type>enum</base_type>
			<enums>
				<enum0>
					<id>75</id>
					<user_field_id>309</user_field_id>
					<value>младшая</value>
					<def>N</def>
					<sort>100</sort>
					<xml_id>087695e7755c4951eadd544b6acc2447</xml_id>
				</enum0>
				<enum1>
					<id>76</id>
					<user_field_id>309</user_field_id>
					<value>старшая</value>
					<def>N</def>
					<sort>200</sort>
					<xml_id>01479e3c163fa5af30d77e74bc3f7621</xml_id>
				</enum1>
				<enum2>
					<id>77</id>
					<user_field_id>309</user_field_id>
					<value>ведущая</value>
					<def>N</def>
					<sort>300</sort>
					<xml_id>d18d623e96399f8313c621990acb0dd2</xml_id>
				</enum2>
				<enum3>
					<id>78</id>
					<user_field_id>309</user_field_id>
					<value>главная</value>
					<def>N</def>
					<sort>400</sort>
					<xml_id>4f084b33e84fa3ad0b1081f83d34c4dd</xml_id>
				</enum3>
				<enum4>
					<id>79</id>
					<user_field_id>309</user_field_id>
					<value>высшая</value>
					<def>N</def>
					<sort>500</sort>
					<xml_id>64292d95a423465534153d98f6dfff15</xml_id>
				</enum4>
			</enums>
		</field>
		<field>
			<id>302</id>
			<entity_id>HLBLOCK_8</entity_id>
			<field_name>UF_HR_MAKER</field_name>
			<user_type_id>string</user_type_id>
			<xml_id />
			<sort>120</sort>
			<multiple>N</multiple>
			<mandatory>N</mandatory>
			<show_filter>S</show_filter>
			<show_in_list>Y</show_in_list>
			<edit_in_list>Y</edit_in_list>
			<is_searchable>Y</is_searchable>
			<settings>
				<size>20</size>
				<rows>1</rows>
				<regexp />
				<min_length>0</min_length>
				<max_length>0</max_length>
				<default_value />
			</settings>
			<edit_form_label>
				<en>Maker</en>
				<ru>Карточку создал</ru>
			</edit_form_label>
			<list_column_label>
				<en>Maker</en>
				<ru>Карточку создал</ru>
			</list_column_label>
			<list_filter_label>
				<en>Maker</en>
				<ru>Карточку создал</ru>
			</list_filter_label>
			<error_message>
				<en />
				<ru />
			</error_message>
			<help_message>
				<en>Maker</en>
				<ru>Карточку создал</ru>
			</help_message>
			<base_type>string</base_type>
		</field>
		<field>
			<id>310</id>
			<entity_id>HLBLOCK_8</entity_id>
			<field_name>UF_HR_STATUS</field_name>
			<user_type_id>enumeration</user_type_id>
			<xml_id />
			<sort>130</sort>
			<multiple>N</multiple>
			<mandatory>N</mandatory>
			<show_filter>I</show_filter>
			<show_in_list>Y</show_in_list>
			<edit_in_list>Y</edit_in_list>
			<is_searchable>Y</is_searchable>
			<settings>
				<display>LIST</display>
				<list_height>1</list_height>
				<caption_no_value />
			</settings>
			<edit_form_label>
				<en>Candidat&apos;s status</en>
				<ru>Статус кандидата</ru>
			</edit_form_label>
			<list_column_label>
				<en>Candidat&apos;s status</en>
				<ru>Статус кандидата</ru>
			</list_column_label>
			<list_filter_label>
				<en>Candidat&apos;s status</en>
				<ru>Статус кандидата</ru>
			</list_filter_label>
			<error_message>
				<en />
				<ru />
			</error_message>
			<help_message>
				<en>Candidat&apos;s status</en>
				<ru>Статус кандидата</ru>
			</help_message>
			<base_type>enum</base_type>
			<enums>
				<enum0>
					<id>80</id>
					<user_field_id>310</user_field_id>
					<value>баллотируется</value>
					<def>N</def>
					<sort>100</sort>
					<xml_id>12834aaf6534cb57c98b095ec2f6e275</xml_id>
				</enum0>
				<enum1>
					<id>81</id>
					<user_field_id>310</user_field_id>
					<value>на рассмотрении</value>
					<def>N</def>
					<sort>200</sort>
					<xml_id>fb65d5fabcfd857f1e133093c83d575d</xml_id>
				</enum1>
				<enum2>
					<id>82</id>
					<user_field_id>310</user_field_id>
					<value>был(а) на рассмотрении</value>
					<def>N</def>
					<sort>300</sort>
					<xml_id>a46c48fba06b1c801eb883fca3c5ed28</xml_id>
				</enum2>
				<enum3>
					<id>83</id>
					<user_field_id>310</user_field_id>
					<value>принят(а)</value>
					<def>N</def>
					<sort>400</sort>
					<xml_id>07f4071174fa7f87ef18f6af3ec9a39b</xml_id>
				</enum3>
			</enums>
		</field>
		<field>
			<id>314</id>
			<entity_id>HLBLOCK_8</entity_id>
			<field_name>UF_HR_SUPERVISOR</field_name>
			<user_type_id>string</user_type_id>
			<xml_id />
			<sort>135</sort>
			<multiple>N</multiple>
			<mandatory>N</mandatory>
			<show_filter>I</show_filter>
			<show_in_list>Y</show_in_list>
			<edit_in_list>Y</edit_in_list>
			<is_searchable>Y</is_searchable>
			<settings>
				<size>20</size>
				<rows>1</rows>
				<regexp />
				<min_length>0</min_length>
				<max_length>0</max_length>
				<default_value />
			</settings>
			<edit_form_label>
				<en>Submitted</en>
				<ru>Отправил на рассмотрение</ru>
			</edit_form_label>
			<list_column_label>
				<en>Submitted</en>
				<ru>Отправил на рассмотрение</ru>
			</list_column_label>
			<list_filter_label>
				<en>Submitted</en>
				<ru>Отправил на рассмотрение</ru>
			</list_filter_label>
			<error_message>
				<en />
				<ru />
			</error_message>
			<help_message>
				<en>Submitted</en>
				<ru>Отправил на рассмотрение</ru>
			</help_message>
			<base_type>string</base_type>
		</field>
		<field>
			<id>304</id>
			<entity_id>HLBLOCK_8</entity_id>
			<field_name>UF_HR_ALLOTMENT</field_name>
			<user_type_id>date</user_type_id>
			<xml_id />
			<sort>140</sort>
			<multiple>N</multiple>
			<mandatory>N</mandatory>
			<show_filter>S</show_filter>
			<show_in_list>Y</show_in_list>
			<edit_in_list>Y</edit_in_list>
			<is_searchable>Y</is_searchable>
			<settings>
				<default_value>
					<type>NONE</type>
					<value />
				</default_value>
			</settings>
			<edit_form_label>
				<en>Considered date</en>
				<ru> Дата рассмотрения</ru>
			</edit_form_label>
			<list_column_label>
				<en>Considered date</en>
				<ru> Дата рассмотрения</ru>
			</list_column_label>
			<list_filter_label>
				<en>Considered date</en>
				<ru> Дата рассмотрения</ru>
			</list_filter_label>
			<error_message>
				<en />
				<ru />
			</error_message>
			<help_message>
				<en>Considered date</en>
				<ru> Дата рассмотрения</ru>
			</help_message>
			<base_type>datetime</base_type>
		</field>
		<field>
			<id>311</id>
			<entity_id>HLBLOCK_8</entity_id>
			<field_name>UF_HR_CATEGORY</field_name>
			<user_type_id>enumeration</user_type_id>
			<xml_id />
			<sort>150</sort>
			<multiple>Y</multiple>
			<mandatory>N</mandatory>
			<show_filter>I</show_filter>
			<show_in_list>Y</show_in_list>
			<edit_in_list>Y</edit_in_list>
			<is_searchable>N</is_searchable>
			<settings>
				<display>LIST</display>
				<list_height>5</list_height>
				<caption_no_value />
			</settings>
			<edit_form_label>
				<en>Candidat&apos;s categories</en>
				<ru>Категории соискателя</ru>
			</edit_form_label>
			<list_column_label>
				<en>Candidat&apos;s categories</en>
				<ru>Категории соискателя</ru>
			</list_column_label>
			<list_filter_label>
				<en>Candidat&apos;s categories</en>
				<ru>Категории соискателя</ru>
			</list_filter_label>
			<error_message>
				<en />
				<ru />
			</error_message>
			<help_message>
				<en>Candidat&apos;s categories</en>
				<ru>Категории соискателя</ru>
			</help_message>
			<base_type>enum</base_type>
			<enums>
				<enum0>
					<id>84</id>
					<user_field_id>311</user_field_id>
					<value>Исполнение бюджета и казначейское сопровождение</value>
					<def>N</def>
					<sort>100</sort>
					<xml_id>bb1565297b7ecde2dc186793cb7f9ec6</xml_id>
				</enum0>
				<enum1>
					<id>85</id>
					<user_field_id>311</user_field_id>
					<value>Бухгалтерский учет и отчетность</value>
					<def>N</def>
					<sort>200</sort>
					<xml_id>f55b97392d015e8936eb69fab06d7488</xml_id>
				</enum1>
				<enum2>
					<id>86</id>
					<user_field_id>311</user_field_id>
					<value>Контроль, аудит, бюджетный мониторинг</value>
					<def>N</def>
					<sort>300</sort>
					<xml_id>d5fc7d6b804819c116a0fc159b8170a4</xml_id>
				</enum2>
				<enum3>
					<id>87</id>
					<user_field_id>311</user_field_id>
					<value>Юриспруденция</value>
					<def>N</def>
					<sort>400</sort>
					<xml_id>227b028fad8be04ff464e08bc8ec044d</xml_id>
				</enum3>
				<enum4>
					<id>88</id>
					<user_field_id>311</user_field_id>
					<value>Контрактная система</value>
					<def>N</def>
					<sort>500</sort>
					<xml_id>3e1d6e58284d18e406c1c79bcd3a10c0</xml_id>
				</enum4>
				<enum5>
					<id>89</id>
					<user_field_id>311</user_field_id>
					<value>Информационные технологии</value>
					<def>N</def>
					<sort>600</sort>
					<xml_id>1f87604e4f6bbb462068294e4b5ebc00</xml_id>
				</enum5>
				<enum6>
					<id>90</id>
					<user_field_id>311</user_field_id>
					<value>Обеспечение деятельности</value>
					<def>N</def>
					<sort>700</sort>
					<xml_id>97b1a10f54610ac98c0201ef69d728ea</xml_id>
				</enum6>
			</enums>
		</field>
		<field>
			<id>306</id>
			<entity_id>HLBLOCK_8</entity_id>
			<field_name>UF_HR_UPLOADS</field_name>
			<user_type_id>string</user_type_id>
			<xml_id />
			<sort>160</sort>
			<multiple>N</multiple>
			<mandatory>N</mandatory>
			<show_filter>N</show_filter>
			<show_in_list>N</show_in_list>
			<edit_in_list>Y</edit_in_list>
			<is_searchable>N</is_searchable>
			<settings>
				<size>20</size>
				<rows>1</rows>
				<regexp />
				<min_length>0</min_length>
				<max_length>0</max_length>
				<default_value />
			</settings>
			<edit_form_label>
				<en>Upload file</en>
				<ru>Файл с резюме</ru>
			</edit_form_label>
			<list_column_label>
				<en>Upload file</en>
				<ru>Файл с резюме</ru>
			</list_column_label>
			<list_filter_label>
				<en>Upload file</en>
				<ru>Файл с резюме</ru>
			</list_filter_label>
			<error_message>
				<en />
				<ru />
			</error_message>
			<help_message>
				<en />
				<ru>Файл с резюме</ru>
			</help_message>
			<base_type>string</base_type>
		</field>
		<field>
			<id>307</id>
			<entity_id>HLBLOCK_8</entity_id>
			<field_name>UF_HR_LETTER_ID</field_name>
			<user_type_id>string</user_type_id>
			<xml_id />
			<sort>170</sort>
			<multiple>N</multiple>
			<mandatory>N</mandatory>
			<show_filter>S</show_filter>
			<show_in_list>Y</show_in_list>
			<edit_in_list>Y</edit_in_list>
			<is_searchable>Y</is_searchable>
			<settings>
				<size>20</size>
				<rows>1</rows>
				<regexp />
				<min_length>0</min_length>
				<max_length>0</max_length>
				<default_value />
			</settings>
			<edit_form_label>
				<en>Letter&apos;s number</en>
				<ru>Номер письма</ru>
			</edit_form_label>
			<list_column_label>
				<en>Letter&apos;s number</en>
				<ru>Номер письма</ru>
			</list_column_label>
			<list_filter_label>
				<en>Letter&apos;s number</en>
				<ru>Номер письма</ru>
			</list_filter_label>
			<error_message>
				<en />
				<ru />
			</error_message>
			<help_message>
				<en />
				<ru />
			</help_message>
			<base_type>string</base_type>
		</field>
		<field>
			<id>312</id>
			<entity_id>HLBLOCK_8</entity_id>
			<field_name>UF_UPLOAD_FILE</field_name>
			<user_type_id>string</user_type_id>
			<xml_id />
			<sort>180</sort>
			<multiple>N</multiple>
			<mandatory>N</mandatory>
			<show_filter>N</show_filter>
			<show_in_list>Y</show_in_list>
			<edit_in_list>Y</edit_in_list>
			<is_searchable>N</is_searchable>
			<settings>
				<size>20</size>
				<rows>1</rows>
				<regexp />
				<min_length>0</min_length>
				<max_length>0</max_length>
				<default_value />
			</settings>
			<edit_form_label>
				<en>File with resume</en>
				<ru>Файл с резюме</ru>
			</edit_form_label>
			<list_column_label>
				<en>File with resume</en>
				<ru>Файл с резюме</ru>
			</list_column_label>
			<list_filter_label>
				<en>File with resume</en>
				<ru>Файл с резюме</ru>
			</list_filter_label>
			<error_message>
				<en />
				<ru />
			</error_message>
			<help_message>
				<en>File with resume</en>
				<ru>Файл с резюме</ru>
			</help_message>
			<base_type>string</base_type>
		</field>
	</fields>
	<items>
		<item>
			<id>1</id>
			<uf_name>Владимир</uf_name>
			<uf_last_name>Гончаров</uf_last_name>
			<uf_second_name>Анатольевич</uf_second_name>
			<uf_email>nio7@list.ru</uf_email>
			<uf_personal_birthday>16.09.2020</uf_personal_birthday>
			<uf_personal_mobile>+7(926)967-19-63</uf_personal_mobile>
			<uf_timestamp_x>05.10.2020 11:55:57</uf_timestamp_x>
			<uf_date_register>17.09.2020 17:48:00</uf_date_register>
			<uf_hr_reserv>0</uf_hr_reserv>
			<uf_hr_position>ведущая</uf_hr_position>
			<uf_hr_maker>13</uf_hr_maker>
			<uf_hr_status>на рассмотрении</uf_hr_status>
			<uf_hr_supervisor />
			<uf_hr_allotment>06.10.2020</uf_hr_allotment>
			<uf_hr_category>serialize#a:1:{i:0;s:69:&quot;Контроль, аудит, бюджетный мониторинг&quot;;}</uf_hr_category>
			<uf_hr_uploads>a:5:{s:4:&quot;name&quot;;s:23:&quot;моё_резюме.xls&quot;;s:4:&quot;type&quot;;s:24:&quot;application/octet-stream&quot;;s:8:&quot;tmp_name&quot;;s:47:&quot;/tmp/php_upload/ext_www/vp.fsfk.local/phpCo1s2r&quot;;s:5:&quot;error&quot;;i:0;s:4:&quot;size&quot;;i:174592;}</uf_hr_uploads>
			<uf_hr_letter_id />
			<uf_upload_file />
		</item>
		<item>
			<id>2</id>
			<uf_name>Кирилл</uf_name>
			<uf_last_name>Панкратьев</uf_last_name>
			<uf_second_name>Георгиевич</uf_second_name>
			<uf_email>k.pankratev@example.com</uf_email>
			<uf_personal_birthday>11.09.1990</uf_personal_birthday>
			<uf_personal_mobile>+7(967)371-72-23</uf_personal_mobile>
			<uf_timestamp_x>07.10.2020 09:22:29</uf_timestamp_x>
			<uf_date_register>02.04.2018 20:59:29</uf_date_register>
			<uf_hr_reserv>1</uf_hr_reserv>
			<uf_hr_position>главная</uf_hr_position>
			<uf_hr_maker>479</uf_hr_maker>
			<uf_hr_status>на рассмотрении</uf_hr_status>
			<uf_hr_supervisor>3870</uf_hr_supervisor>
			<uf_hr_allotment>07.10.2020</uf_hr_allotment>
			<uf_hr_category>serialize#a:1:{i:0;s:90:&quot;Исполнение бюджета и казначейское сопровождение&quot;;}</uf_hr_category>
			<uf_hr_uploads />
			<uf_hr_letter_id />
			<uf_upload_file />
		</item>
		<item>
			<id>3</id>
			<uf_name>Андрей</uf_name>
			<uf_last_name>Штых</uf_last_name>
			<uf_second_name>Георгиевич</uf_second_name>
			<uf_email>schtych@roskazna.ru</uf_email>
			<uf_personal_birthday>17.09.2020</uf_personal_birthday>
			<uf_personal_mobile>+7(894)567-83-42</uf_personal_mobile>
			<uf_timestamp_x>06.10.2020 10:14:16</uf_timestamp_x>
			<uf_date_register>02.04.2018 20:59:20</uf_date_register>
			<uf_hr_reserv>1</uf_hr_reserv>
			<uf_hr_position>старшая</uf_hr_position>
			<uf_hr_maker>479</uf_hr_maker>
			<uf_hr_status>на рассмотрении</uf_hr_status>
			<uf_hr_supervisor />
			<uf_hr_allotment>06.10.2020</uf_hr_allotment>
			<uf_hr_category>serialize#a:1:{i:0;s:69:&quot;Контроль, аудит, бюджетный мониторинг&quot;;}</uf_hr_category>
			<uf_hr_uploads />
			<uf_hr_letter_id />
			<uf_upload_file />
		</item>
		<item>
			<id>4</id>
			<uf_name>Юлия</uf_name>
			<uf_last_name>Кульчевская</uf_last_name>
			<uf_second_name>Сергеевна</uf_second_name>
			<uf_email>KulchevskayaYuS@fsfk.local</uf_email>
			<uf_personal_birthday>21.10.2014</uf_personal_birthday>
			<uf_personal_mobile>+7(916)884-80-40</uf_personal_mobile>
			<uf_timestamp_x>07.10.2020 20:50:13</uf_timestamp_x>
			<uf_date_register>14.08.2018 14:08:58</uf_date_register>
			<uf_hr_reserv>0</uf_hr_reserv>
			<uf_hr_position>главная</uf_hr_position>
			<uf_hr_maker>479</uf_hr_maker>
			<uf_hr_status>на рассмотрении</uf_hr_status>
			<uf_hr_supervisor>479</uf_hr_supervisor>
			<uf_hr_allotment>07.10.2020</uf_hr_allotment>
			<uf_hr_category>serialize#a:1:{i:0;s:37:&quot;Контрактная система&quot;;}</uf_hr_category>
			<uf_hr_uploads />
			<uf_hr_letter_id />
			<uf_upload_file />
		</item>
		<item>
			<id>5</id>
			<uf_name>Эльвира</uf_name>
			<uf_last_name>Менкеева</uf_last_name>
			<uf_second_name>Николаевна</uf_second_name>
			<uf_email>MenkeevaEN@fsfk.local</uf_email>
			<uf_personal_birthday>20.10.2020</uf_personal_birthday>
			<uf_personal_mobile>+7(945)728-34-19</uf_personal_mobile>
			<uf_timestamp_x>07.10.2020 21:22:13</uf_timestamp_x>
			<uf_date_register>10.09.2020 10:46:51</uf_date_register>
			<uf_hr_reserv>1</uf_hr_reserv>
			<uf_hr_position>ведущая</uf_hr_position>
			<uf_hr_maker>479</uf_hr_maker>
			<uf_hr_status>был(а) на рассмотрении</uf_hr_status>
			<uf_hr_supervisor />
			<uf_hr_allotment>07.11.2020</uf_hr_allotment>
			<uf_hr_category>serialize#a:1:{i:0;s:69:&quot;Контроль, аудит, бюджетный мониторинг&quot;;}</uf_hr_category>
			<uf_hr_uploads />
			<uf_hr_letter_id />
			<uf_upload_file />
		</item>
		<item>
			<id>6</id>
			<uf_name>Татьяна</uf_name>
			<uf_last_name>Санджиева</uf_last_name>
			<uf_second_name>Викторовна</uf_second_name>
			<uf_email>SandzhievaTV@fsfk.local</uf_email>
			<uf_personal_birthday />
			<uf_personal_mobile>+7(497)626-53-50</uf_personal_mobile>
			<uf_timestamp_x>06.10.2020 16:20:42</uf_timestamp_x>
			<uf_date_register>10.09.2020 10:58:13</uf_date_register>
			<uf_hr_reserv>0</uf_hr_reserv>
			<uf_hr_position />
			<uf_hr_maker>479</uf_hr_maker>
			<uf_hr_status>принят(а)</uf_hr_status>
			<uf_hr_supervisor />
			<uf_hr_allotment />
			<uf_hr_category>serialize#a:0:{}</uf_hr_category>
			<uf_hr_uploads />
			<uf_hr_letter_id />
			<uf_upload_file />
		</item>
		<item>
			<id>7</id>
			<uf_name>Юлия</uf_name>
			<uf_last_name>Шабунина</uf_last_name>
			<uf_second_name>Васильевна</uf_second_name>
			<uf_email>schabunina@roskazna.ru</uf_email>
			<uf_personal_birthday />
			<uf_personal_mobile>+7(495)415-52-61</uf_personal_mobile>
			<uf_timestamp_x>06.10.2020 16:13:45</uf_timestamp_x>
			<uf_date_register>02.04.2018 20:59:25</uf_date_register>
			<uf_hr_reserv>0</uf_hr_reserv>
			<uf_hr_position>младшая</uf_hr_position>
			<uf_hr_maker>479</uf_hr_maker>
			<uf_hr_status>на рассмотрении</uf_hr_status>
			<uf_hr_supervisor />
			<uf_hr_allotment>06.10.2020</uf_hr_allotment>
			<uf_hr_category>serialize#a:1:{i:0;s:90:&quot;Исполнение бюджета и казначейское сопровождение&quot;;}</uf_hr_category>
			<uf_hr_uploads />
			<uf_hr_letter_id />
			<uf_upload_file />
		</item>
		<item>
			<id>8</id>
			<uf_name>Олег</uf_name>
			<uf_last_name>Патракеев</uf_last_name>
			<uf_second_name>Константинович</uf_second_name>
			<uf_email>o.patrakeev@example.com</uf_email>
			<uf_personal_birthday>20.10.2020</uf_personal_birthday>
			<uf_personal_mobile>+7(495)653-16-56</uf_personal_mobile>
			<uf_timestamp_x>07.10.2020 21:17:28</uf_timestamp_x>
			<uf_date_register>02.04.2018 20:59:04</uf_date_register>
			<uf_hr_reserv>1</uf_hr_reserv>
			<uf_hr_position>старшая</uf_hr_position>
			<uf_hr_maker>479</uf_hr_maker>
			<uf_hr_status>баллотируется</uf_hr_status>
			<uf_hr_supervisor />
			<uf_hr_allotment>20.10.2020</uf_hr_allotment>
			<uf_hr_category>serialize#a:1:{i:0;s:90:&quot;Исполнение бюджета и казначейское сопровождение&quot;;}</uf_hr_category>
			<uf_hr_uploads />
			<uf_hr_letter_id />
			<uf_upload_file />
		</item>
		<item>
			<id>9</id>
			<uf_name>Мария</uf_name>
			<uf_last_name>Заборская</uf_last_name>
			<uf_second_name>Сергеевна</uf_second_name>
			<uf_email>zaborskay@roskazna.ru</uf_email>
			<uf_personal_birthday />
			<uf_personal_mobile>+7(495)235-23-12</uf_personal_mobile>
			<uf_timestamp_x>07.10.2020 14:02:58</uf_timestamp_x>
			<uf_date_register>25.04.2020 00:00:00</uf_date_register>
			<uf_hr_reserv>0</uf_hr_reserv>
			<uf_hr_position>главная</uf_hr_position>
			<uf_hr_maker>479</uf_hr_maker>
			<uf_hr_status>баллотируется</uf_hr_status>
			<uf_hr_supervisor />
			<uf_hr_allotment />
			<uf_hr_category>serialize#a:1:{i:0;s:69:&quot;Контроль, аудит, бюджетный мониторинг&quot;;}</uf_hr_category>
			<uf_hr_uploads>N;</uf_hr_uploads>
			<uf_hr_letter_id />
			<uf_upload_file />
		</item>
		<item>
			<id>10</id>
			<uf_name>Елена</uf_name>
			<uf_last_name>Чуйкина</uf_last_name>
			<uf_second_name>Владимировна</uf_second_name>
			<uf_email>echuikina@roskazna.ru</uf_email>
			<uf_personal_birthday />
			<uf_personal_mobile>+7(945)938-32-79</uf_personal_mobile>
			<uf_timestamp_x>06.10.2020 16:20:42</uf_timestamp_x>
			<uf_date_register>25.04.2020 00:00:00</uf_date_register>
			<uf_hr_reserv>0</uf_hr_reserv>
			<uf_hr_position />
			<uf_hr_maker>479</uf_hr_maker>
			<uf_hr_status>принят(а)</uf_hr_status>
			<uf_hr_supervisor />
			<uf_hr_allotment />
			<uf_hr_category>serialize#a:0:{}</uf_hr_category>
			<uf_hr_uploads />
			<uf_hr_letter_id />
			<uf_upload_file />
		</item>
		<item>
			<id>11</id>
			<uf_name>Андрей</uf_name>
			<uf_last_name>Поршнев</uf_last_name>
			<uf_second_name>Степанович</uf_second_name>
			<uf_email>a.porshnev@example.com</uf_email>
			<uf_personal_birthday>11.10.2017</uf_personal_birthday>
			<uf_personal_mobile>+7(499)453-81-57</uf_personal_mobile>
			<uf_timestamp_x>07.10.2020 10:35:37</uf_timestamp_x>
			<uf_date_register>02.04.2018 20:58:35</uf_date_register>
			<uf_hr_reserv>0</uf_hr_reserv>
			<uf_hr_position>ведущая</uf_hr_position>
			<uf_hr_maker>479</uf_hr_maker>
			<uf_hr_status>на рассмотрении</uf_hr_status>
			<uf_hr_supervisor />
			<uf_hr_allotment>24.09.2020</uf_hr_allotment>
			<uf_hr_category>serialize#a:1:{i:0;s:47:&quot;Обеспечение деятельности&quot;;}</uf_hr_category>
			<uf_hr_uploads />
			<uf_hr_letter_id />
			<uf_upload_file />
		</item>
		<item>
			<id>12</id>
			<uf_name>Алексей</uf_name>
			<uf_last_name>Попов</uf_last_name>
			<uf_second_name>Сергеевич</uf_second_name>
			<uf_email>a.popov@example.com</uf_email>
			<uf_personal_birthday />
			<uf_personal_mobile>+7(495)435-93-25</uf_personal_mobile>
			<uf_timestamp_x>04.08.2019 08:18:49</uf_timestamp_x>
			<uf_date_register>02.04.2018 20:59:30</uf_date_register>
			<uf_hr_reserv>1</uf_hr_reserv>
			<uf_hr_position>ведущая</uf_hr_position>
			<uf_hr_maker>479</uf_hr_maker>
			<uf_hr_status>баллотируется</uf_hr_status>
			<uf_hr_supervisor />
			<uf_hr_allotment />
			<uf_hr_category>serialize#a:1:{i:0;s:37:&quot;Контрактная система&quot;;}</uf_hr_category>
			<uf_hr_uploads />
			<uf_hr_letter_id />
			<uf_upload_file />
		</item>
		<item>
			<id>13</id>
			<uf_name>Александр </uf_name>
			<uf_last_name>Беспалов </uf_last_name>
			<uf_second_name>Владимирович</uf_second_name>
			<uf_email>bespalov@roskazna.ru</uf_email>
			<uf_personal_birthday />
			<uf_personal_mobile>8 (495) 432-55-74</uf_personal_mobile>
			<uf_timestamp_x>25.11.2019 09:23:59</uf_timestamp_x>
			<uf_date_register>02.04.2018 20:59:26</uf_date_register>
			<uf_hr_reserv>0</uf_hr_reserv>
			<uf_hr_position />
			<uf_hr_maker>479</uf_hr_maker>
			<uf_hr_status>был(а) на рассмотрении</uf_hr_status>
			<uf_hr_supervisor />
			<uf_hr_allotment>14.08.2020</uf_hr_allotment>
			<uf_hr_category>serialize#a:0:{}</uf_hr_category>
			<uf_hr_uploads />
			<uf_hr_letter_id />
			<uf_upload_file />
		</item>
		<item>
			<id>15</id>
			<uf_name>Юрий </uf_name>
			<uf_last_name>Головкин </uf_last_name>
			<uf_second_name>Владимирович</uf_second_name>
			<uf_email>golovkin@roskazna.ru</uf_email>
			<uf_personal_birthday />
			<uf_personal_mobile />
			<uf_timestamp_x>16.12.2019 12:23:58</uf_timestamp_x>
			<uf_date_register>02.04.2018 20:58:34</uf_date_register>
			<uf_hr_reserv>1</uf_hr_reserv>
			<uf_hr_position>ведущая</uf_hr_position>
			<uf_hr_maker>479</uf_hr_maker>
			<uf_hr_status>баллотируется</uf_hr_status>
			<uf_hr_supervisor />
			<uf_hr_allotment />
			<uf_hr_category>serialize#a:1:{i:0;s:47:&quot;Обеспечение деятельности&quot;;}</uf_hr_category>
			<uf_hr_uploads />
			<uf_hr_letter_id />
			<uf_upload_file />
		</item>
		<item>
			<id>16</id>
			<uf_name>Елена</uf_name>
			<uf_last_name>Жгун</uf_last_name>
			<uf_second_name>Николаевна</uf_second_name>
			<uf_email>zgun@roskazna.ru</uf_email>
			<uf_personal_birthday />
			<uf_personal_mobile>+7(495)645-85-54</uf_personal_mobile>
			<uf_timestamp_x>21.04.2019 10:23:39</uf_timestamp_x>
			<uf_date_register>02.04.2018 20:59:25</uf_date_register>
			<uf_hr_reserv>1</uf_hr_reserv>
			<uf_hr_position>ведущая</uf_hr_position>
			<uf_hr_maker>479</uf_hr_maker>
			<uf_hr_status>на рассмотрении</uf_hr_status>
			<uf_hr_supervisor />
			<uf_hr_allotment>07.10.2020</uf_hr_allotment>
			<uf_hr_category>serialize#a:1:{i:0;s:26:&quot;Юриспруденция&quot;;}</uf_hr_category>
			<uf_hr_uploads />
			<uf_hr_letter_id />
			<uf_upload_file />
		</item>
		<item>
			<id>17</id>
			<uf_name>Оксана</uf_name>
			<uf_last_name>Зажарская</uf_last_name>
			<uf_second_name>Игоревна</uf_second_name>
			<uf_email>ZazharskayaOI@fsfk.local</uf_email>
			<uf_personal_birthday />
			<uf_personal_mobile />
			<uf_timestamp_x>15.09.2020 21:19:37</uf_timestamp_x>
			<uf_date_register>03.09.2018 10:51:14</uf_date_register>
			<uf_hr_reserv />
			<uf_hr_position />
			<uf_hr_maker />
			<uf_hr_status />
			<uf_hr_supervisor />
			<uf_hr_allotment />
			<uf_hr_category>serialize#a:1:{i:0;s:49:&quot;Информационные технологии&quot;;}</uf_hr_category>
			<uf_hr_uploads />
			<uf_hr_letter_id />
			<uf_upload_file />
		</item>
		<item>
			<id>18</id>
			<uf_name>Алена</uf_name>
			<uf_last_name>Клименко</uf_last_name>
			<uf_second_name>Витальевна</uf_second_name>
			<uf_email>KlimenkoAlVi@fsfk.local</uf_email>
			<uf_personal_birthday />
			<uf_personal_mobile>8 (985) 117-95-77</uf_personal_mobile>
			<uf_timestamp_x>01.10.2020 10:38:17</uf_timestamp_x>
			<uf_date_register>03.09.2018 11:48:01</uf_date_register>
			<uf_hr_reserv>1</uf_hr_reserv>
			<uf_hr_position>старшая</uf_hr_position>
			<uf_hr_maker>479</uf_hr_maker>
			<uf_hr_status>баллотируется</uf_hr_status>
			<uf_hr_supervisor />
			<uf_hr_allotment>17.09.2020</uf_hr_allotment>
			<uf_hr_category>serialize#a:1:{i:0;s:26:&quot;Юриспруденция&quot;;}</uf_hr_category>
			<uf_hr_uploads />
			<uf_hr_letter_id />
			<uf_upload_file />
		</item>
		<item>
			<id>19</id>
			<uf_name>Иван</uf_name>
			<uf_last_name>Сучков</uf_last_name>
			<uf_second_name>Александрович</uf_second_name>
			<uf_email>SuchkovIA@fsfk.local</uf_email>
			<uf_personal_birthday />
			<uf_personal_mobile />
			<uf_timestamp_x>05.10.2020 18:30:28</uf_timestamp_x>
			<uf_date_register>03.09.2018 12:19:50</uf_date_register>
			<uf_hr_reserv>1</uf_hr_reserv>
			<uf_hr_position />
			<uf_hr_maker>479</uf_hr_maker>
			<uf_hr_status>баллотируется</uf_hr_status>
			<uf_hr_supervisor />
			<uf_hr_allotment />
			<uf_hr_category>serialize#a:1:{i:0;s:47:&quot;Обеспечение деятельности&quot;;}</uf_hr_category>
			<uf_hr_uploads />
			<uf_hr_letter_id />
			<uf_upload_file />
		</item>
		<item>
			<id>20</id>
			<uf_name>Владимир</uf_name>
			<uf_last_name>Могущий</uf_last_name>
			<uf_second_name>Владимирович</uf_second_name>
			<uf_email>MogushiyVV@fsfk.local</uf_email>
			<uf_personal_birthday />
			<uf_personal_mobile>89672220122</uf_personal_mobile>
			<uf_timestamp_x>01.10.2020 10:37:02</uf_timestamp_x>
			<uf_date_register>18.02.2019 11:17:05</uf_date_register>
			<uf_hr_reserv>0</uf_hr_reserv>
			<uf_hr_position />
			<uf_hr_maker>479</uf_hr_maker>
			<uf_hr_status>был(а) на рассмотрении</uf_hr_status>
			<uf_hr_supervisor />
			<uf_hr_allotment />
			<uf_hr_category>serialize#a:1:{i:0;s:26:&quot;Юриспруденция&quot;;}</uf_hr_category>
			<uf_hr_uploads />
			<uf_hr_letter_id />
			<uf_upload_file />
		</item>
		<item>
			<id>21</id>
			<uf_name>Вадим</uf_name>
			<uf_last_name>Чуков</uf_last_name>
			<uf_second_name>Анатольевич</uf_second_name>
			<uf_email>ChukovVA@fsfk.local</uf_email>
			<uf_personal_birthday />
			<uf_personal_mobile />
			<uf_timestamp_x>05.10.2020 18:31:37</uf_timestamp_x>
			<uf_date_register>19.02.2019 09:43:31</uf_date_register>
			<uf_hr_reserv />
			<uf_hr_position />
			<uf_hr_maker />
			<uf_hr_status>баллотируется</uf_hr_status>
			<uf_hr_supervisor />
			<uf_hr_allotment />
			<uf_hr_category>serialize#a:1:{i:0;s:59:&quot;Бухгалтерский учет и отчетность&quot;;}</uf_hr_category>
			<uf_hr_uploads />
			<uf_hr_letter_id />
			<uf_upload_file />
		</item>
		<item>
			<id>22</id>
			<uf_name>Илья</uf_name>
			<uf_last_name>Григорьев</uf_last_name>
			<uf_second_name>Николаевич</uf_second_name>
			<uf_email>GrigorevIN@fsfk.local</uf_email>
			<uf_personal_birthday />
			<uf_personal_mobile />
			<uf_timestamp_x>01.10.2020 09:06:34</uf_timestamp_x>
			<uf_date_register>17.10.2019 13:04:23</uf_date_register>
			<uf_hr_reserv>0</uf_hr_reserv>
			<uf_hr_position>старшая</uf_hr_position>
			<uf_hr_maker>479</uf_hr_maker>
			<uf_hr_status>был(а) на рассмотрении</uf_hr_status>
			<uf_hr_supervisor />
			<uf_hr_allotment>25.12.2019</uf_hr_allotment>
			<uf_hr_category>serialize#a:1:{i:0;s:69:&quot;Контроль, аудит, бюджетный мониторинг&quot;;}</uf_hr_category>
			<uf_hr_uploads />
			<uf_hr_letter_id />
			<uf_upload_file />
		</item>
		<item>
			<id>23</id>
			<uf_name>Олег</uf_name>
			<uf_last_name>Донской</uf_last_name>
			<uf_second_name>Тимофеевич</uf_second_name>
			<uf_email>OOO@fsfk.local</uf_email>
			<uf_personal_birthday />
			<uf_personal_mobile>945647575466</uf_personal_mobile>
			<uf_timestamp_x>01.10.2020 10:06:46</uf_timestamp_x>
			<uf_date_register>26.11.2019 12:13:25</uf_date_register>
			<uf_hr_reserv>0</uf_hr_reserv>
			<uf_hr_position />
			<uf_hr_maker>479</uf_hr_maker>
			<uf_hr_status>баллотируется</uf_hr_status>
			<uf_hr_supervisor />
			<uf_hr_allotment />
			<uf_hr_category>serialize#a:1:{i:0;s:90:&quot;Исполнение бюджета и казначейское сопровождение&quot;;}</uf_hr_category>
			<uf_hr_uploads />
			<uf_hr_letter_id />
			<uf_upload_file />
		</item>
		<item>
			<id>24</id>
			<uf_name>Кирилл</uf_name>
			<uf_last_name>Карпухин</uf_last_name>
			<uf_second_name>Алексеевич</uf_second_name>
			<uf_email>KarpuhinKA@fsfk.local</uf_email>
			<uf_personal_birthday />
			<uf_personal_mobile>+7-937-600-52-22</uf_personal_mobile>
			<uf_timestamp_x>05.10.2020 18:32:37</uf_timestamp_x>
			<uf_date_register>25.03.2020 13:42:59</uf_date_register>
			<uf_hr_reserv>0</uf_hr_reserv>
			<uf_hr_position>ведущая</uf_hr_position>
			<uf_hr_maker>479</uf_hr_maker>
			<uf_hr_status>баллотируется</uf_hr_status>
			<uf_hr_supervisor />
			<uf_hr_allotment>30.09.2020</uf_hr_allotment>
			<uf_hr_category>serialize#a:1:{i:0;s:59:&quot;Бухгалтерский учет и отчетность&quot;;}</uf_hr_category>
			<uf_hr_uploads>a:5:{s:4:&quot;name&quot;;s:14:&quot;user_admin.xls&quot;;s:4:&quot;type&quot;;s:24:&quot;application/octet-stream&quot;;s:8:&quot;tmp_name&quot;;s:47:&quot;/tmp/php_upload/ext_www/vp.fsfk.local/php0vh9Go&quot;;s:5:&quot;error&quot;;i:0;s:4:&quot;size&quot;;i:1260;}</uf_hr_uploads>
			<uf_hr_letter_id />
			<uf_upload_file />
		</item>
		<item>
			<id>25</id>
			<uf_name>Степан</uf_name>
			<uf_last_name>Матроскин</uf_last_name>
			<uf_second_name>Алексеевич</uf_second_name>
			<uf_email>matroskinSA@fsfk.local</uf_email>
			<uf_personal_birthday>18.10.2017</uf_personal_birthday>
			<uf_personal_mobile>89457283419</uf_personal_mobile>
			<uf_timestamp_x>05.10.2020 18:32:37</uf_timestamp_x>
			<uf_date_register>01.10.2020 11:39:28</uf_date_register>
			<uf_hr_reserv>1</uf_hr_reserv>
			<uf_hr_position>ведущая</uf_hr_position>
			<uf_hr_maker>479</uf_hr_maker>
			<uf_hr_status>баллотируется</uf_hr_status>
			<uf_hr_supervisor />
			<uf_hr_allotment>01.10.2020</uf_hr_allotment>
			<uf_hr_category>serialize#a:1:{i:0;s:59:&quot;Бухгалтерский учет и отчетность&quot;;}</uf_hr_category>
			<uf_hr_uploads>a:5:{s:4:&quot;name&quot;;s:10:&quot;robots.txt&quot;;s:4:&quot;type&quot;;s:10:&quot;text/plain&quot;;s:8:&quot;tmp_name&quot;;s:47:&quot;/tmp/php_upload/ext_www/vp.fsfk.local/php2LjUly&quot;;s:5:&quot;error&quot;;i:0;s:4:&quot;size&quot;;i:28;}</uf_hr_uploads>
			<uf_hr_letter_id />
			<uf_upload_file />
		</item>
		<item>
			<id>26</id>
			<uf_name>Николай</uf_name>
			<uf_last_name>Краснов</uf_last_name>
			<uf_second_name>Игоревич</uf_second_name>
			<uf_email>krasnovNI@fsfk.local</uf_email>
			<uf_personal_birthday />
			<uf_personal_mobile />
			<uf_timestamp_x>05.10.2020 18:32:37</uf_timestamp_x>
			<uf_date_register>01.10.2020 11:46:07</uf_date_register>
			<uf_hr_reserv>0</uf_hr_reserv>
			<uf_hr_position>старшая</uf_hr_position>
			<uf_hr_maker>479</uf_hr_maker>
			<uf_hr_status>баллотируется</uf_hr_status>
			<uf_hr_supervisor />
			<uf_hr_allotment>01.10.2020</uf_hr_allotment>
			<uf_hr_category>serialize#a:1:{i:0;s:59:&quot;Бухгалтерский учет и отчетность&quot;;}</uf_hr_category>
			<uf_hr_uploads />
			<uf_hr_letter_id />
			<uf_upload_file />
		</item>
		<item>
			<id>27</id>
			<uf_name>Константин</uf_name>
			<uf_last_name>Чупров</uf_last_name>
			<uf_second_name>Викторович</uf_second_name>
			<uf_email>chuprovkv@fsfk.local</uf_email>
			<uf_personal_birthday />
			<uf_personal_mobile>+7(945)728-34-19</uf_personal_mobile>
			<uf_timestamp_x>05.10.2020 16:33:03</uf_timestamp_x>
			<uf_date_register>01.10.2020 11:53:16</uf_date_register>
			<uf_hr_reserv>0</uf_hr_reserv>
			<uf_hr_position>младшая</uf_hr_position>
			<uf_hr_maker>479</uf_hr_maker>
			<uf_hr_status>баллотируется</uf_hr_status>
			<uf_hr_supervisor />
			<uf_hr_allotment>30.09.2020</uf_hr_allotment>
			<uf_hr_category>serialize#a:1:{i:0;s:90:&quot;Исполнение бюджета и казначейское сопровождение&quot;;}</uf_hr_category>
			<uf_hr_uploads>a:5:{s:4:&quot;name&quot;;s:9:&quot;error.log&quot;;s:4:&quot;type&quot;;s:24:&quot;application/octet-stream&quot;;s:8:&quot;tmp_name&quot;;s:47:&quot;/tmp/php_upload/ext_www/vp.fsfk.local/php1JJuIv&quot;;s:5:&quot;error&quot;;i:0;s:4:&quot;size&quot;;i:87420;}</uf_hr_uploads>
			<uf_hr_letter_id>2352</uf_hr_letter_id>
			<uf_upload_file />
		</item>
		<item>
			<id>28</id>
			<uf_name>Олег</uf_name>
			<uf_last_name>Дмитриев</uf_last_name>
			<uf_second_name>Кирилович</uf_second_name>
			<uf_email>dmitrievOK@fsfk.local</uf_email>
			<uf_personal_birthday />
			<uf_personal_mobile />
			<uf_timestamp_x>05.10.2020 17:11:51</uf_timestamp_x>
			<uf_date_register>01.10.2020 13:58:54</uf_date_register>
			<uf_hr_reserv>0</uf_hr_reserv>
			<uf_hr_position>старшая</uf_hr_position>
			<uf_hr_maker>479</uf_hr_maker>
			<uf_hr_status>баллотируется</uf_hr_status>
			<uf_hr_supervisor />
			<uf_hr_allotment />
			<uf_hr_category>serialize#a:1:{i:0;s:49:&quot;Информационные технологии&quot;;}</uf_hr_category>
			<uf_hr_uploads>a:5:{s:4:&quot;name&quot;;s:23:&quot;моё_резюме.xls&quot;;s:4:&quot;type&quot;;s:24:&quot;application/octet-stream&quot;;s:8:&quot;tmp_name&quot;;s:47:&quot;/tmp/php_upload/ext_www/vp.fsfk.local/phpBnsIv7&quot;;s:5:&quot;error&quot;;i:0;s:4:&quot;size&quot;;i:174592;}</uf_hr_uploads>
			<uf_hr_letter_id>2282</uf_hr_letter_id>
			<uf_upload_file />
		</item>
		<item>
			<id>29</id>
			<uf_name>Виктор</uf_name>
			<uf_last_name>Солдатов</uf_last_name>
			<uf_second_name>Петрович</uf_second_name>
			<uf_email>soldatovvp@fsfk.local</uf_email>
			<uf_personal_birthday />
			<uf_personal_mobile />
			<uf_timestamp_x>01.10.2020 14:06:56</uf_timestamp_x>
			<uf_date_register>01.10.2020 14:02:57</uf_date_register>
			<uf_hr_reserv>0</uf_hr_reserv>
			<uf_hr_position>старшая</uf_hr_position>
			<uf_hr_maker>479</uf_hr_maker>
			<uf_hr_status>баллотируется</uf_hr_status>
			<uf_hr_supervisor />
			<uf_hr_allotment />
			<uf_hr_category>serialize#a:2:{i:0;s:26:&quot;Юриспруденция&quot;;i:1;s:47:&quot;Обеспечение деятельности&quot;;}</uf_hr_category>
			<uf_hr_uploads>a:5:{s:4:&quot;name&quot;;s:8:&quot;gerb.png&quot;;s:4:&quot;type&quot;;s:9:&quot;image/png&quot;;s:8:&quot;tmp_name&quot;;s:47:&quot;/tmp/php_upload/ext_www/vp.fsfk.local/phpfE5BIx&quot;;s:5:&quot;error&quot;;i:0;s:4:&quot;size&quot;;i:1100497;}</uf_hr_uploads>
			<uf_hr_letter_id>2283</uf_hr_letter_id>
			<uf_upload_file />
		</item>
		<item>
			<id>30</id>
			<uf_name>Сергей</uf_name>
			<uf_last_name>Бобков</uf_last_name>
			<uf_second_name>Сергеевич</uf_second_name>
			<uf_email>bobkovSS@fsfk.local</uf_email>
			<uf_personal_birthday />
			<uf_personal_mobile>+7(916)927-19-83</uf_personal_mobile>
			<uf_timestamp_x>05.10.2020 18:32:37</uf_timestamp_x>
			<uf_date_register>01.10.2020 14:12:20</uf_date_register>
			<uf_hr_reserv>0</uf_hr_reserv>
			<uf_hr_position>старшая</uf_hr_position>
			<uf_hr_maker>479</uf_hr_maker>
			<uf_hr_status>баллотируется</uf_hr_status>
			<uf_hr_supervisor />
			<uf_hr_allotment>05.10.2020</uf_hr_allotment>
			<uf_hr_category>serialize#a:1:{i:0;s:59:&quot;Бухгалтерский учет и отчетность&quot;;}</uf_hr_category>
			<uf_hr_uploads />
			<uf_hr_letter_id />
			<uf_upload_file />
		</item>
		<item>
			<id>31</id>
			<uf_name>Имя</uf_name>
			<uf_last_name>Фамилия</uf_last_name>
			<uf_second_name>Отчество</uf_second_name>
			<uf_email>nickIO@fsfk.local</uf_email>
			<uf_personal_birthday>20.10.1994</uf_personal_birthday>
			<uf_personal_mobile>+7(916)927-19-83</uf_personal_mobile>
			<uf_timestamp_x>05.10.2020 17:18:15</uf_timestamp_x>
			<uf_date_register>01.10.2020 14:38:52</uf_date_register>
			<uf_hr_reserv>0</uf_hr_reserv>
			<uf_hr_position>старшая</uf_hr_position>
			<uf_hr_maker>479</uf_hr_maker>
			<uf_hr_status>был(а) на рассмотрении</uf_hr_status>
			<uf_hr_supervisor />
			<uf_hr_allotment />
			<uf_hr_category>serialize#a:1:{i:0;s:47:&quot;Обеспечение деятельности&quot;;}</uf_hr_category>
			<uf_hr_uploads />
			<uf_hr_letter_id />
			<uf_upload_file />
		</item>
		<item>
			<id>32</id>
			<uf_name>Лукашенко</uf_name>
			<uf_last_name>Александр</uf_last_name>
			<uf_second_name>Григорьевич</uf_second_name>
			<uf_email>lukashencoAG@fsfk.local</uf_email>
			<uf_personal_birthday>15.10.2020</uf_personal_birthday>
			<uf_personal_mobile>+7(946)438-29-98</uf_personal_mobile>
			<uf_timestamp_x>05.10.2020 18:32:37</uf_timestamp_x>
			<uf_date_register>05.10.2020 12:01:17</uf_date_register>
			<uf_hr_reserv>0</uf_hr_reserv>
			<uf_hr_position>младшая</uf_hr_position>
			<uf_hr_maker>479</uf_hr_maker>
			<uf_hr_status>баллотируется</uf_hr_status>
			<uf_hr_supervisor />
			<uf_hr_allotment>05.10.2020</uf_hr_allotment>
			<uf_hr_category>serialize#a:1:{i:0;s:59:&quot;Бухгалтерский учет и отчетность&quot;;}</uf_hr_category>
			<uf_hr_uploads>a:5:{s:4:&quot;name&quot;;s:9:&quot;index.xls&quot;;s:4:&quot;type&quot;;s:24:&quot;application/octet-stream&quot;;s:8:&quot;tmp_name&quot;;s:47:&quot;/tmp/php_upload/ext_www/vp.fsfk.local/phpMnygBp&quot;;s:5:&quot;error&quot;;i:0;s:4:&quot;size&quot;;i:235803;}</uf_hr_uploads>
			<uf_hr_letter_id />
			<uf_upload_file />
		</item>
	</items>
</hiblock>
